role,email,password
pemda,gcarding0@biblegateway.com,oneforall
pemda,cmoynihan1@bloomberg.com,oneforall
pemda,echasson2@weebly.com,oneforall
pemda,psherred3@google.co.uk,oneforall
pemda,ewattins4@cocolog-nifty.com,oneforall
pemda,rmorrice5@homestead.com,oneforall
pemda,mfeldbaum6@jigsy.com,oneforall
pemda,mlowe7@miitbeian.gov.cn,oneforall
pemda,cbeavers8@google.es,oneforall
pemda,lcousens9@ifeng.com,oneforall
pemda,hcattrella@earthlink.net,oneforall
pemda,nbickerdickeb@usatoday.com,oneforall
pemda,wcandyc@taobao.com,oneforall
pemda,gcayd@dailymotion.com,oneforall
pemda,hwahnckee@github.io,oneforall
pemda,cmyrtlef@ucoz.com,oneforall
pemda,lsalkeldg@mapquest.com,oneforall
pemda,rlothlorienh@europa.eu,oneforall
pemda,ghoudhuryi@uiuc.edu,oneforall
pemda,kshannonj@i2i.jp,oneforall
pemda,bdelafieldk@sciencedaily.com,oneforall
pemda,mdrucel@1und1.de,oneforall
pemda,tdykem@china.com.cn,oneforall
pemda,scockrilln@istockphoto.com,oneforall
pemda,rpieto@shop-pro.jp,oneforall
pemda,pecclestonep@vistaprint.com,oneforall
pemda,ayouleq@google.ca,oneforall
pemda,cprimettr@ftc.gov,oneforall
pemda,wflanigans@tamu.edu,oneforall
pemda,kmcowant@qq.com,oneforall
pemda,rfarrinu@timesonline.co.uk,oneforall
pemda,lmouserv@sourceforge.net,oneforall
pemda,awhitwhamw@spotify.com,oneforall
pemda,bdowmanx@angelfire.com,oneforall
pemda,adiamanty@diigo.com,oneforall
pemda,varnaudz@nbcnews.com,oneforall
pemda,rbroseke10@ow.ly,oneforall
pemda,lbardey11@chronoengine.com,oneforall
pemda,lhamer12@bloglines.com,oneforall
pemda,mlilburn13@skype.com,oneforall
pemda,cswarbrigg14@nature.com,oneforall
pemda,egrealish15@ifeng.com,oneforall
pemda,rgoldsbury16@pen.io,oneforall
pemda,jrundle17@theguardian.com,oneforall
pemda,jmoulson18@soundcloud.com,oneforall
pemda,pbonifant19@gmpg.org,oneforall
pemda,rtorri1a@qq.com,oneforall
pemda,cphinnis1b@moonfruit.com,oneforall
pemda,scorrison1c@seattletimes.com,oneforall
pemda,amessom1d@soundcloud.com,oneforall
pemda,golenikov1e@histats.com,oneforall
pemda,fgallard1f@nyu.edu,oneforall
pemda,glemanu1g@constantcontact.com,oneforall
pemda,fmcsweeney1h@myspace.com,oneforall
pemda,slitherborough1i@bravesites.com,oneforall
pemda,aormistone1j@dagondesign.com,oneforall
pemda,bstonall1k@plala.or.jp,oneforall
pemda,mrampage1l@fastcompany.com,oneforall
pemda,bdecristofalo1m@geocities.com,oneforall
pemda,ptemple1n@foxnews.com,oneforall
pemda,dstribling1o@nhs.uk,oneforall
pemda,ifrotton1p@smh.com.au,oneforall
pemda,tledbetter1q@chronoengine.com,oneforall
pemda,dengledow1r@howstuffworks.com,oneforall
pemda,wchastey1s@elpais.com,oneforall
pemda,lmacane1t@about.com,oneforall
pemda,wdeniseau1u@sphinn.com,oneforall
pemda,faymer1v@seattletimes.com,oneforall
pemda,jgillinghams1w@skyrock.com,oneforall
pemda,dconcannon1x@123-reg.co.uk,oneforall
pemda,rcona1y@blinklist.com,oneforall
pemda,hkaasman1z@who.int,oneforall
pemda,rthumim20@zdnet.com,oneforall
pemda,shitscher21@list-manage.com,oneforall
pemda,eaberdein22@google.ru,oneforall
pemda,slayburn23@boston.com,oneforall
pemda,vmountney24@pagesperso-orange.fr,oneforall
pemda,lstate25@fc2.com,oneforall
pemda,wfashion26@wordpress.org,oneforall
pemda,bsheerman27@ebay.co.uk,oneforall
pemda,fgrizard28@youku.com,oneforall
pemda,orobiot29@miibeian.gov.cn,oneforall
pemda,gboother2a@bloglines.com,oneforall
pemda,briehm2b@sun.com,oneforall
pemda,hmuslim2c@elegantthemes.com,oneforall
pemda,dhalling2d@utexas.edu,oneforall
pemda,kantoniazzi2e@liveinternet.ru,oneforall
pemda,areynard2f@psu.edu,oneforall
pemda,drubinovici2g@intel.com,oneforall
pemda,lolivetti2h@theguardian.com,oneforall
pemda,sharkus2i@indiatimes.com,oneforall
pemda,pvillaron2j@pbs.org,oneforall
pemda,utingley2k@shop-pro.jp,oneforall
pemda,bcrolla2l@multiply.com,oneforall
pemda,rboycott2m@sina.com.cn,oneforall
pemda,bdesporte2n@amazonaws.com,oneforall
pemda,bwackly2o@google.co.jp,oneforall
pemda,dgiovannazzi2p@slashdot.org,oneforall
pemda,fbrabender2q@sogou.com,oneforall
pemda,gottley2r@newyorker.com,oneforall
pemda,kyankishin2s@amazonaws.com,oneforall
pemda,aredhole2t@myspace.com,oneforall
pemda,scockerton2u@un.org,oneforall
pemda,habramowitz2v@china.com.cn,oneforall
pemda,ntrustey2w@sina.com.cn,oneforall
pemda,wmcphillips2x@github.com,oneforall
pemda,kfleischmann2y@printfriendly.com,oneforall
pemda,jbadham2z@ning.com,oneforall
pemda,scroxton30@goo.ne.jp,oneforall
pemda,mhaestier31@nba.com,oneforall
pemda,tmenel32@phoca.cz,oneforall
pemda,cmcgonigal33@tripadvisor.com,oneforall
pemda,akauschke34@theatlantic.com,oneforall
pemda,lragsdale35@blogspot.com,oneforall
pemda,gheinreich36@qq.com,oneforall
pemda,pcrossby37@purevolume.com,oneforall
pemda,raizkovitch38@boston.com,oneforall
pemda,alintill39@abc.net.au,oneforall
pemda,dmanske3a@google.de,oneforall
pemda,tmackrill3b@wunderground.com,oneforall
pemda,apinar3c@epa.gov,oneforall
pemda,agarrod3d@xrea.com,oneforall
pemda,thailwood3e@istockphoto.com,oneforall
pemda,bsimmonett3f@shutterfly.com,oneforall
pemda,lbuckbee3g@un.org,oneforall
pemda,wkirrage3h@elpais.com,oneforall
pemda,cedwin3i@nasa.gov,oneforall
pemda,twethers3j@sphinn.com,oneforall
pemda,wchapiro3k@hhs.gov,oneforall
pemda,jwhebell3l@harvard.edu,oneforall
pemda,kpetrichat3m@dion.ne.jp,oneforall
pemda,tdeverson3n@fc2.com,oneforall
pemda,cbraam3o@123-reg.co.uk,oneforall
pemda,omccaffery3p@fotki.com,oneforall
pemda,qgulland3q@nature.com,oneforall
pemda,sperrigo3r@omniture.com,oneforall
pemda,smolineux3s@i2i.jp,oneforall
pemda,ghickisson3t@posterous.com,oneforall
pemda,nstabbins3u@rambler.ru,oneforall
pemda,ablues3v@ow.ly,oneforall
pemda,crosellini3w@washington.edu,oneforall
pemda,pcasson3x@google.es,oneforall
pemda,dsweetlove3y@tripod.com,oneforall
pemda,adumbellow3z@printfriendly.com,oneforall
pemda,vreynolds40@wiley.com,oneforall
pemda,zcohalan41@theglobeandmail.com,oneforall
pemda,bkolczynski42@tmall.com,oneforall
pemda,arubinshtein43@skype.com,oneforall
pemda,fbartosek44@ovh.net,oneforall
pemda,bleyre45@bluehost.com,oneforall
pemda,ecarette46@multiply.com,oneforall
pemda,mableson47@example.com,oneforall
pemda,fmillwater48@example.com,oneforall
pemda,mcoils49@opera.com,oneforall
pemda,gkennifick4a@vk.com,oneforall
pemda,mtrehearn4b@slate.com,oneforall
pemda,laddess4c@google.it,oneforall
pemda,hwhitehall4d@mtv.com,oneforall
pemda,cchang4e@ftc.gov,oneforall
pemda,amaron4f@miibeian.gov.cn,oneforall
pemda,doliphard4g@google.com.br,oneforall
pemda,krevel4h@free.fr,oneforall
pemda,dbreitler4i@instagram.com,oneforall
pemda,tmanhare4j@time.com,oneforall
pemda,aguyers4k@scribd.com,oneforall
pemda,bcarlson4l@weather.com,oneforall
pemda,cfanthome4m@ehow.com,oneforall
pemda,mriccetti4n@redcross.org,oneforall
pemda,wdehailes4o@cbslocal.com,oneforall
pemda,lgreatbanks4p@google.ru,oneforall
pemda,dklemz4q@who.int,oneforall
pemda,lhenriquet4r@devhub.com,oneforall
pemda,sgammidge4s@zdnet.com,oneforall
pemda,glaraway4t@pinterest.com,oneforall
pemda,ushalliker4u@liveinternet.ru,oneforall
pemda,wdiplock4v@npr.org,oneforall
pemda,rjohananoff4w@tamu.edu,oneforall
pemda,rthrossell4x@msu.edu,oneforall
pemda,smaceveley4y@alibaba.com,oneforall
pemda,kjedrzejczak4z@dailymotion.com,oneforall
pemda,mhassell50@umich.edu,oneforall
pemda,ikmiec51@illinois.edu,oneforall
pemda,lgerardot52@i2i.jp,oneforall
pemda,msiseland53@imdb.com,oneforall
pemda,dlain54@gravatar.com,oneforall
pemda,jwagon55@github.io,oneforall
pemda,rchalcraft56@gov.uk,oneforall
pemda,edrakers57@businesswire.com,oneforall
pemda,enore58@hubpages.com,oneforall
pemda,bdodimead59@networkadvertising.org,oneforall
pemda,apremble5a@godaddy.com,oneforall
pemda,ccockshoot5b@google.fr,oneforall
pemda,mhryncewicz5c@slate.com,oneforall
pemda,gbeese5d@ezinearticles.com,oneforall
pemda,gray5e@pbs.org,oneforall
pemda,awatts5f@berkeley.edu,oneforall
pemda,btofts5g@google.nl,oneforall
pemda,gbugg5h@pagesperso-orange.fr,oneforall
pemda,pdavidovitz5i@vkontakte.ru,oneforall
pemda,ntubridy5j@wufoo.com,oneforall
pemda,dimpett5k@washingtonpost.com,oneforall
pemda,eonyon5l@ted.com,oneforall
pemda,mjanway5m@pbs.org,oneforall
pemda,whilhouse5n@ucsd.edu,oneforall
pemda,mspadoni5o@deviantart.com,oneforall
pemda,draffels5p@dropbox.com,oneforall
pemda,rstopper5q@princeton.edu,oneforall
pemda,aturnbull5r@trellian.com,oneforall
pemda,lrosell5s@baidu.com,oneforall
pemda,pcreebo5t@about.com,oneforall
pemda,opleming5u@elpais.com,oneforall
pemda,llibero5v@google.de,oneforall
pemda,wstork5w@bandcamp.com,oneforall
pemda,psherland5x@slideshare.net,oneforall
pemda,iroscoe5y@cbsnews.com,oneforall
pemda,cmacdonogh5z@cocolog-nifty.com,oneforall
pemda,fbaudou60@geocities.jp,oneforall
pemda,gdensie61@1und1.de,oneforall
pemda,mswiffan62@parallels.com,oneforall
pemda,gjirieck63@issuu.com,oneforall
pemda,jclive64@psu.edu,oneforall
pemda,pcurtayne65@ucsd.edu,oneforall
pemda,bmcdonand66@ask.com,oneforall
pemda,abriat67@miitbeian.gov.cn,oneforall
pemda,jleggs68@blogs.com,oneforall
pemda,aminchinton69@squidoo.com,oneforall
pemda,btomczykiewicz6a@omniture.com,oneforall
pemda,lmugridge6b@infoseek.co.jp,oneforall
pemda,nfraczek6c@bing.com,oneforall
pemda,groskams6d@yolasite.com,oneforall
pemda,rspanswick6e@mit.edu,oneforall
pemda,jmelling6f@purevolume.com,oneforall
pemda,ecockill6g@hp.com,oneforall
pemda,dthorington6h@google.com.au,oneforall
pemda,cdally6i@shareasale.com,oneforall
pemda,crabl6j@engadget.com,oneforall
pemda,mwedmore6k@europa.eu,oneforall
pemda,cyegorkin6l@ihg.com,oneforall
pemda,areditt6m@elpais.com,oneforall
pemda,wkidds6n@example.com,oneforall
pemda,amarquand6o@blinklist.com,oneforall
pemda,hfaveryear6p@theatlantic.com,oneforall
pemda,aruseworth6q@zdnet.com,oneforall
pemda,tlodevick6r@lycos.com,oneforall
pemda,tklassman6s@sphinn.com,oneforall
pemda,kferreres6t@parallels.com,oneforall
pemda,bteager6u@github.io,oneforall
pemda,hprover6v@bloglines.com,oneforall
pemda,mjohl6w@soup.io,oneforall
pemda,gswoffer6x@naver.com,oneforall
pemda,babramski6y@washington.edu,oneforall
pemda,cfiander6z@skyrock.com,oneforall
pemda,ebohea70@google.com,oneforall
pemda,wboreham71@noaa.gov,oneforall
pemda,ecomelini72@bluehost.com,oneforall
pemda,hfownes73@tumblr.com,oneforall
pemda,jgerrell74@bloglines.com,oneforall
pemda,amercer75@pinterest.com,oneforall
pemda,ghugues76@go.com,oneforall
pemda,xwannan77@patch.com,oneforall
pemda,areams78@yellowbook.com,oneforall
pemda,fjurisic79@cdbaby.com,oneforall
pemda,afley7a@accuweather.com,oneforall
pemda,etierny7b@typepad.com,oneforall
pemda,ekolakovic7c@earthlink.net,oneforall
pemda,craunds7d@newyorker.com,oneforall
pemda,hreneke7e@archive.org,oneforall
pemda,sgerram7f@multiply.com,oneforall
pemda,eryson7g@pagesperso-orange.fr,oneforall
pemda,ktomczykiewicz7h@toplist.cz,oneforall
pemda,neitter7i@amazonaws.com,oneforall
pemda,acammocke7j@g.co,oneforall
pemda,smcauslene7k@disqus.com,oneforall
pemda,madvani7l@uol.com.br,oneforall
pemda,ebenitti7m@theatlantic.com,oneforall
pemda,nbonsey7n@twitter.com,oneforall
pemda,cgolley7o@cbc.ca,oneforall
pemda,ssibbit7p@techcrunch.com,oneforall
pemda,hbennis7q@eepurl.com,oneforall
pemda,bmarsters7r@engadget.com,oneforall
pemda,khenkmann7s@deliciousdays.com,oneforall
pemda,cslad7t@diigo.com,oneforall
pemda,tledrun7u@sphinn.com,oneforall
pemda,aroalfe7v@themeforest.net,oneforall
pemda,hsigart7w@mtv.com,oneforall
pemda,sbrennan7x@businessinsider.com,oneforall
pemda,aabella7y@narod.ru,oneforall
pemda,fschuricke7z@dailymail.co.uk,oneforall
pemda,lbinton80@amazon.de,oneforall
pemda,mfiltness81@hibu.com,oneforall
pemda,ndowtry82@cbsnews.com,oneforall
pemda,zpattemore83@themeforest.net,oneforall
pemda,jpovlsen84@ed.gov,oneforall
pemda,grennick85@flavors.me,oneforall
pemda,dbengough86@pen.io,oneforall
pemda,fclausewitz87@webs.com,oneforall
pemda,jmclaine88@ask.com,oneforall
pemda,zkrystof89@admin.ch,oneforall
pemda,tleggatt8a@netvibes.com,oneforall
pemda,cbackes8b@github.com,oneforall
pemda,rcampey8c@latimes.com,oneforall
pemda,gtustin8d@alexa.com,oneforall
pemda,dolorenshaw8e@comsenz.com,oneforall
pemda,jconnachan8f@netscape.com,oneforall
pemda,gmander8g@webnode.com,oneforall
pemda,epeasey8h@github.com,oneforall
pemda,skitcatt8i@goodreads.com,oneforall
pemda,bshermore8j@epa.gov,oneforall
pemda,gmollen8k@youku.com,oneforall
pemda,sheddan8l@tripod.com,oneforall
pemda,ridle8m@cbsnews.com,oneforall
pemda,schicken8n@desdev.cn,oneforall
pemda,ibrash8o@unblog.fr,oneforall
pemda,mmurphey8p@wisc.edu,oneforall
pemda,friediger8q@berkeley.edu,oneforall
pemda,twallbrook8r@woothemes.com,oneforall
pemda,lstinson8s@fc2.com,oneforall
pemda,rbassick8t@disqus.com,oneforall
pemda,kkohnemann8u@cloudflare.com,oneforall
pemda,ebikker8v@live.com,oneforall
pemda,avanderplas8w@netscape.com,oneforall
pemda,slusted8x@liveinternet.ru,oneforall
pemda,pgleave8y@samsung.com,oneforall
pemda,lrosen8z@pagesperso-orange.fr,oneforall
pemda,ebalderstone90@virginia.edu,oneforall
pemda,ncooch91@walmart.com,oneforall
pemda,vbourthoumieux92@msn.com,oneforall
pemda,olemarchant93@t-online.de,oneforall
pemda,amaddrah94@cbc.ca,oneforall
pemda,tmcmonnies95@java.com,oneforall
pemda,wdoxey96@t-online.de,oneforall
pemda,oweld97@nationalgeographic.com,oneforall
pemda,jmintoft98@amazonaws.com,oneforall
pemda,jiannazzi99@nbcnews.com,oneforall
pemda,ilegrice9a@com.com,oneforall
pemda,cbeeden9b@acquirethisname.com,oneforall
pemda,kpessold9c@boston.com,oneforall
pemda,blandells9d@google.de,oneforall
pemda,abartrap9e@reddit.com,oneforall
pemda,lgarrett9f@mtv.com,oneforall
pemda,slethabridge9g@salon.com,oneforall
pemda,epapa9h@msn.com,oneforall
pemda,gindgs9i@army.mil,oneforall
pemda,apinnigar9j@qq.com,oneforall
pemda,nellerington9k@blogs.com,oneforall
pemda,mlundbech9l@quantcast.com,oneforall
pemda,wperrin9m@google.it,oneforall
pemda,cplevin9n@discovery.com,oneforall
pemda,pgranleese9o@theguardian.com,oneforall
pemda,jpropper9p@ox.ac.uk,oneforall
pemda,ngreenall9q@tinypic.com,oneforall
pemda,aperview9r@oracle.com,oneforall
pemda,dmcgillivray9s@huffingtonpost.com,oneforall
pemda,kaires9t@microsoft.com,oneforall
pemda,qstenners9u@dot.gov,oneforall
pemda,panning9v@sitemeter.com,oneforall
pemda,csurgood9w@goo.gl,oneforall
pemda,lbirth9x@seesaa.net,oneforall
pemda,emeakes9y@vistaprint.com,oneforall
pemda,sebbins9z@princeton.edu,oneforall
pemda,showsama0@quantcast.com,oneforall
pemda,ckarpmanna1@globo.com,oneforall
pemda,zstillerta2@irs.gov,oneforall
pemda,rterrisa3@ucsd.edu,oneforall
pemda,egerringa4@comcast.net,oneforall
pemda,rwilcea5@paginegialle.it,oneforall
pemda,wthridgoulda6@who.int,oneforall
pemda,bdeliasa7@adobe.com,oneforall
pemda,mpallatinaa8@mapy.cz,oneforall
pemda,cpotterya9@over-blog.com,oneforall
pemda,rpaladinoaa@patch.com,oneforall
pemda,dtavernerab@goo.gl,oneforall
pemda,aanneyac@stumbleupon.com,oneforall
pemda,ralbertsonad@ow.ly,oneforall
pemda,rcrosselandae@imdb.com,oneforall
pemda,gdowaf@prweb.com,oneforall
pemda,mhabbenag@instagram.com,oneforall
pemda,aloteah@hugedomains.com,oneforall
pemda,jmacpaikai@harvard.edu,oneforall
pemda,jmchirrieaj@businesswire.com,oneforall
pemda,bhughfak@google.pl,oneforall
pemda,cjarvilleal@taobao.com,oneforall
pemda,lcalowam@last.fm,oneforall
pemda,fsparksan@latimes.com,oneforall
pemda,cloeberao@cbsnews.com,oneforall
pemda,ldomneyap@intel.com,oneforall
pemda,lgouldstrawaq@domainmarket.com,oneforall
pemda,dspreullar@arstechnica.com,oneforall
pemda,ccreevyas@behance.net,oneforall
pemda,jcatonat@gnu.org,oneforall
pemda,fbleadenau@amazonaws.com,oneforall
pemda,anicholsav@delicious.com,oneforall
pemda,lhaycockaw@dell.com,oneforall
pemda,ftoffolettoax@epa.gov,oneforall
pemda,bmorrillyay@springer.com,oneforall
pemda,bsummersaz@sciencedaily.com,oneforall
pemda,asweetb0@msu.edu,oneforall
pemda,randrzejczakb1@webmd.com,oneforall
pemda,ghaningtonb2@wix.com,oneforall
pemda,aledesb3@networkadvertising.org,oneforall
pemda,adziwiszb4@networkadvertising.org,oneforall
pemda,gansteeb5@thetimes.co.uk,oneforall
pemda,aloukesb6@sbwire.com,oneforall
pemda,ashortlandb7@tuttocitta.it,oneforall
pemda,eklementzb8@weather.com,oneforall
pemda,aparzizekb9@imgur.com,oneforall
pemda,tslorachba@uiuc.edu,oneforall
pemda,tblaverbb@wikispaces.com,oneforall
pemda,glystonbc@hugedomains.com,oneforall
pemda,mcorkbd@jiathis.com,oneforall
pemda,ecantwellbe@samsung.com,oneforall
pemda,ktremoillebf@bloomberg.com,oneforall
pemda,iskulebg@spiegel.de,oneforall
pemda,sklehnbh@ovh.net,oneforall
pemda,bbromeheadbi@1und1.de,oneforall
pemda,uwalczynskibj@netscape.com,oneforall
pemda,kflindallbk@ucsd.edu,oneforall
pemda,mrudebl@nps.gov,oneforall
pemda,ahalwillbm@google.ru,oneforall
pemda,tchidlowbn@smh.com.au,oneforall
pemda,dwestollbo@ibm.com,oneforall
pemda,iyeowellbp@blogtalkradio.com,oneforall
pemda,gglendiningbq@oakley.com,oneforall
pemda,lmunnionbr@wordpress.org,oneforall
pemda,kwolseybs@cloudflare.com,oneforall
pemda,smendelbt@lulu.com,oneforall
pemda,blererbu@mac.com,oneforall
pemda,rragdalebv@marketwatch.com,oneforall
pemda,fligginsbw@thetimes.co.uk,oneforall
pemda,scastanaresbx@newsvine.com,oneforall
pemda,fvoiseyby@homestead.com,oneforall
pemda,bmyottbz@examiner.com,oneforall
pemda,hspaldinc0@prweb.com,oneforall
pemda,mthalmannc1@xing.com,oneforall
pemda,wgladebeckc2@patch.com,oneforall
pemda,ddenialc3@creativecommons.org,oneforall
pemda,afraylingc4@google.ru,oneforall
pemda,tvinerc5@nih.gov,oneforall
pemda,inolanc6@wsj.com,oneforall
pemda,kpalliserc7@wikimedia.org,oneforall
pemda,elindblomc8@creativecommons.org,oneforall
pemda,atigwellc9@cyberchimps.com,oneforall
pemda,ggarfirthca@blogger.com,oneforall
pemda,cbingallcb@ft.com,oneforall
pemda,tinskocc@prlog.org,oneforall
pemda,dsielycd@furl.net,oneforall
pemda,hhanalance@yellowpages.com,oneforall
pemda,fstambridgecf@nih.gov,oneforall
pemda,jhuetsoncg@digg.com,oneforall
pemda,gterlindench@ovh.net,oneforall
pemda,ajarretci@storify.com,oneforall
pemda,dwestermancj@fastcompany.com,oneforall
pemda,kpockettck@istockphoto.com,oneforall
pemda,bmarkuscl@smh.com.au,oneforall
pemda,dbrasscm@bbb.org,oneforall
pemda,crushmercn@mapy.cz,oneforall
pemda,cwoodierco@furl.net,oneforall
pemda,bkunzelmanncp@netvibes.com,oneforall
pemda,tklouzcq@princeton.edu,oneforall
pemda,dferrettinocr@sourceforge.net,oneforall
pemda,lstarkiecs@hexun.com,oneforall
pemda,tpithcockct@rediff.com,oneforall
pemda,stackellcu@liveinternet.ru,oneforall
pemda,eheathwoodcv@sciencedaily.com,oneforall
pemda,rstruyscw@bbc.co.uk,oneforall
pemda,hpadwickcx@cocolog-nifty.com,oneforall
pemda,rtoynbeecy@free.fr,oneforall
pemda,nnadincz@simplemachines.org,oneforall
pemda,rdjorevicd0@theglobeandmail.com,oneforall
pemda,mkeattchd1@google.co.jp,oneforall
pemda,ciacopinid2@ibm.com,oneforall
pemda,trobyd3@alibaba.com,oneforall
pemda,rjoannetd4@psu.edu,oneforall
pemda,cmillead5@ovh.net,oneforall
pemda,amackailed6@over-blog.com,oneforall
pemda,dcoxalld7@angelfire.com,oneforall
pemda,scominettid8@msu.edu,oneforall
pemda,bcrownshawd9@berkeley.edu,oneforall
pemda,fbettamda@narod.ru,oneforall
pemda,ldahldb@netscape.com,oneforall
pemda,acoatesdc@cbc.ca,oneforall
pemda,anicklendd@scribd.com,oneforall
pemda,ahuncootde@vkontakte.ru,oneforall
pemda,cmccannydf@blinklist.com,oneforall
pemda,bsimkovitzdg@histats.com,oneforall
pemda,khannaydh@furl.net,oneforall
pemda,awalshamdi@walmart.com,oneforall
pemda,apietzkedj@time.com,oneforall
pemda,erennydk@earthlink.net,oneforall
pemda,fbrotherhooddl@topsy.com,oneforall
pemda,ljennodm@ucoz.com,oneforall
pemda,cfluindn@istockphoto.com,oneforall
pemda,jplimmerdo@bbc.co.uk,oneforall
pemda,gtreatdp@patch.com,oneforall
pemda,rbreachedq@wikispaces.com,oneforall
pemda,aboudadr@furl.net,oneforall
pemda,gaustds@jimdo.com,oneforall
pemda,cgehrickedt@istockphoto.com,oneforall
pemda,jfrusherdu@netvibes.com,oneforall
pemda,fbitchenerdv@ameblo.jp,oneforall
